school_name,lea_name,town,enrollment,free_lunch,reduced_price_lunch,free_or_reduced_price_lunch,school_level,frl_pct
Albany Community School,Lake Region Union Elementary Middle School District,Albany,99.0,37.0,20.0,57.0,1,57.6
Alburg Community Education Center,Alburg School District,Alburg,194.0,103.0,28.0,131.0,1,67.5
Fisher School,Arlington School District,Arlington,221.0,61.0,11.0,72.0,1,32.6
Sunderland Elementary School,Taconic and Green Regional School District #63,Arlington,68.0,14.0,8.0,22.0,1,32.4
Arlington Memorial,Arlington School District,Arlington,200.0,50.0,22.0,72.0,3,36.0
Weathersfield School,Weathersfield School District,Ascutney,262.0,48.0,27.0,75.0,1,28.6
Bakersfield School,Northern Mountain Valley Unified Union School District #85,Bakersfield,144.0,33.0,19.0,52.0,1,36.1
Barnard Academy,Windsor Central Unified Union School District #76,Barnard,72.0,3.0,4.0,7.0,1,9.7
Barnet Elementary School,Caledonia Cooperative Unified School District #78,Barnet,135.0,37.0,16.0,53.0,1,39.3
Spaulding Union High School,Barre Unified Union School District #97,Barre,615.0,113.0,14.0,127.0,3,20.7
Barre City Elementary/Middle School,Barre Unified Union School District #97,Barre,784.0,302.0,2.0,304.0,1,38.8
Barre Town Elementary & Middle School,Barre Unified Union School District #97,Barre,800.0,114.0,35.0,149.0,1,18.6
Barton Graded School,Lake Region Union Elementary Middle School District,Barton,162.0,79.0,14.0,93.0,1,57.4
Central Elementary School,Rockingham School District,Bellows Falls,194.0,85.0,21.0,106.0,1,54.6
Bellows Falls Union High School,Bellows Falls Union High School District #27,Bellows Falls,318.0,129.0,28.0,157.0,3,49.4
Bellows Falls Middle School,Rockingham School District,Bellows Falls,242.0,107.0,27.0,134.0,2,55.4
Mt. Anthony Union Middle School,Mount Anthony Union High School District #14,Bennington,522.0,247.0,29.0,276.0,2,52.9
Southwest Tech,Southwest Tech,Bennington,0.0,,,,3,
Woodford Hollow School,Southwest Vermont Union Elementary School District #87,Bennington,28.0,15.0,1.0,16.0,1,57.1
Monument Elementary School,Southwest Vermont Union Elementary School District #87,Bennington,149.0,42.0,10.0,52.0,1,34.9
Molly Stark School,Southwest Vermont Union Elementary School District #87,Bennington,417.0,229.0,24.0,253.0,1,60.7
Bennington Elementary School,Southwest Vermont Union Elementary School District #87,Bennington,312.0,193.0,12.0,205.0,1,65.7
Mt. Anthony Senior Union High School,Mount Anthony Union High School District #14,Bennington,926.0,330.0,49.0,379.0,3,40.9
Benson Village School,Slate Valley Unified Union School District #62,Benson,75.0,7.0,1.0,8.0,1,10.7
Berlin Elementary School,Washington Central Unified Union School District #92,Berlin,194.0,56.0,13.0,69.0,1,35.6
Bethel Elementary School,White River Unified School District #79,Bethel,135.0,50.0,6.0,56.0,1,41.5
White River Valley Middle School,White River Unified School District #79,Bethel,134.0,68.0,9.0,77.0,2,57.5
Smilie Memorial Elementary School,Mount Mansfield Unified Union School District #401,Bolton,82.0,14.0,3.0,17.0,1,20.7
Oxbow Union High School,Oxbow Unified Union School District #91,Bradford,355.0,91.0,34.0,125.0,3,35.2
Bradford Elementary School,Oxbow Unified Union School District #91,Bradford,234.0,51.0,26.0,77.0,1,32.9
River Bend Career & Technical Center,Oxbow Unified Union School District #91,Bradford,0.0,,,,3,
Braintree School,Orange Southwest Unified Union School District #59,Braintree,81.0,31.0,5.0,36.0,1,44.4
Otter Valley Union High School,Otter Valley Unified Union School District #53,Brandon,526.0,247.0,0.0,247.0,3,47.0
Neshobe School,Otter Valley Unified Union School District #53,Brandon,440.0,150.0,1.0,151.0,1,34.3
Green Street School,Windham Southeast Unified Union School District #96,Brattleboro,243.0,114.0,31.0,145.0,1,59.7
Oak Grove School,Windham Southeast Unified Union School District #96,Brattleboro,144.0,79.0,15.0,94.0,1,65.3
Brattleboro Union High School,Windham Southeast Unified Union School District #96,Brattleboro,757.0,196.0,13.0,209.0,3,27.6
Brattleboro Area Middle School,Windham Southeast Unified Union School District #96,Brattleboro,262.0,96.0,3.0,99.0,2,37.8
Academy School,Windham Southeast Unified Union School District #96,Brattleboro,448.0,194.0,44.0,238.0,1,53.1
Windham Regional Career Center,Windham Southeast Unified Union School District #96,Brattleboro,0.0,,,,3,
Bridport Central School,Addison Central Unified Union School District #55,Bridport,63.0,12.0,6.0,18.0,1,28.6
Mt. Abraham Union High School,Mt. Abraham Unified School District #61,Bristol,621.0,103.0,28.0,131.0,3,21.1
Bristol Elementary School,Mt. Abraham Unified School District #61,Bristol,411.0,63.0,17.0,80.0,1,19.5
Brookfield School,Orange Southwest Unified Union School District #59,Brookfield,71.0,12.0,3.0,15.0,1,21.1
Brownington Central School,Lake Region Union Elementary Middle School District,Brownington,107.0,50.0,15.0,65.0,1,60.7
Albert Bridge School (West Windsor),Mount Ascutney School District #86,Brownsville,63.0,6.0,1.0,7.0,1,11.1
Burlington Technical Center,Burlington School District,Burlington,0.0,,,,3,
Integrated Arts Academy at H. O. Wheeler,Burlington School District,Burlington,248.0,119.0,25.0,144.0,1,58.1
Edmunds Elementary School,Burlington School District,Burlington,228.0,107.0,14.0,121.0,1,53.1
Lyman C. Hunt Middle School,Burlington School District,Burlington,337.0,141.0,25.0,166.0,2,49.3
Edmunds Middle School,Burlington School District,Burlington,365.0,150.0,31.0,181.0,2,49.6
Champlain School,Burlington School District,Burlington,548.0,157.0,44.0,201.0,1,36.7
C. P. Smith School,Burlington School District,Burlington,242.0,64.0,26.0,90.0,1,37.2
Burlington High School,Burlington School District,Burlington,987.0,382.0,89.0,471.0,3,47.7
Sustainability Academy at Lawrence Barnes,Burlington School District,Burlington,191.0,102.0,23.0,125.0,1,65.4
J. J. Flynn School,Burlington School District,Burlington,327.0,132.0,46.0,178.0,1,54.4
Cabot School,Cabot School District,Cabot,164.0,53.0,16.0,69.0,4,42.1
Fletcher Elementary School,Fletcher School District,Cambridge,120.0,12.0,5.0,17.0,1,14.2
Canaan Schools,Canaan School District,Canaan,169.0,40.0,13.0,53.0,4,31.4
Castleton Elementary School,Slate Valley Unified Union School District #62,Castleton,251.0,63.0,21.0,84.0,1,33.5
Charlotte Central School,Champlain Valley Unified Union School District #56,Charlotte,707.0,19.0,9.0,28.0,1,4.0
First Branch Middle School,First Branch Unified School District #82,Chelsea,94.0,28.0,7.0,35.0,2,37.2
Chester Andover Elementary School,Green Mountain Unified School District #77,Chester,270.0,105.0,13.0,118.0,1,43.7
Green Mountain Union High School,Green Mountain Unified School District #77,Chester,326.0,137.0,18.0,155.0,3,47.5
Barstow Memorial School,Barstow Unified Union School District #49,Chittenden,186.0,32.0,0.0,32.0,1,17.2
Porters Point School,Colchester School District,Colchester,482.0,65.0,8.0,73.0,1,15.1
Malletts Bay School,Colchester School District,Colchester,483.0,113.0,26.0,139.0,1,28.8
Union Memorial School,Colchester School District,Colchester,231.0,52.0,11.0,63.0,1,27.3
Colchester Middle School,Colchester School District,Colchester,497.0,108.0,26.0,134.0,2,27.0
Colchester High School,Colchester School District,Colchester,721.0,125.0,32.0,157.0,3,21.8
Concord Graded/Middle School,Kingdom East Unified Union School District #64,Concord,156.0,78.0,0.0,78.0,1,50.0
Bingham Memorial School,Addison Central Unified Union School District #55,Cornwall,93.0,11.0,1.0,12.0,1,12.9
Coventry Village School,Coventry School District,Coventry,122.0,58.0,17.0,75.0,1,61.5
Craftsbury Schools,Craftsbury Town School District,Craftsbury Common,207.0,27.0,0.0,27.0,4,13.0
Shrewsbury Mountain School,Mill River Unified Union School District #52,Cuttingsville,74.0,15.0,11.0,26.0,1,35.1
Currier Memorial Union School,Taconic and Green Regional School District #63,Danby,76.0,36.0,1.0,37.0,1,48.7
Danville School,Danville School District,Danville,350.0,58.0,24.0,82.0,4,23.4
North Country Union Junior High School,North Country Union Junior High School District,Derby,263.0,144.0,21.0,165.0,2,62.7
Derby Elementary School,Derby School District,Derby Line,496.0,168.0,64.0,232.0,1,46.8
Dorset Elementary School,Taconic and Green Regional School District #63,Dorset,168.0,37.0,8.0,45.0,1,26.8
Crossett Brook Middle School,Harwood Unified Union School District #60,Duxbury,288.0,36.0,5.0,41.0,2,14.2
Orange Center School,Echo Valley Community Union School District #67,East Barre,77.0,27.0,0.0,27.0,2,35.1
Waits River Valley Union School,Waits River Union High District #36,East Corinth,263.0,86.0,14.0,100.0,1,38.0
Dover Elementary School,River Valleys Unified School District #73,East Dover,90.0,21.0,0.0,21.0,1,23.3
Dummerston Schools,Windham Southeast Unified Union School District #96,East Dummerston,162.0,21.0,3.0,24.0,1,14.8
East Montpelier Elementary School,Washington Central Unified Union School District #92,East Montpelier,231.0,23.0,8.0,31.0,1,13.4
Eden Central School,Lamoille North Modified Union School District #058A,Eden,127.0,57.0,7.0,64.0,1,50.4
Enosburg Falls Middle/High School,Enosburgh-Richford Unified Union School District #88,Enosburg Falls,367.0,132.0,41.0,173.0,3,47.1
Cold Hollow Career Center,Enosburgh-Richford Unified Union School District #88,Enosburg Falls,0.0,,,,3,
Enosburg Falls Elementary School,Enosburgh-Richford Unified Union School District #88,Enosburg Falls,245.0,89.0,32.0,121.0,1,49.4
Hiawatha Elementary School,Essex Westford Educational Community Unified Union SD #51,Essex Junction,223.0,48.0,5.0,53.0,1,23.8
Essex Middle School,Essex Westford Educational Community Unified Union SD #51,Essex Junction,382.0,61.0,12.0,73.0,2,19.1
Albert D. Lawton School,Essex Westford Educational Community Unified Union SD #51,Essex Junction,319.0,41.0,12.0,53.0,2,16.6
The Center for Technology - Essex,Essex Westford Educational Community Unified Union SD #51,Essex Junction,0.0,,,,3,
Essex High School,Essex Westford Educational Community Unified Union SD #51,Essex Junction,1208.0,152.0,38.0,190.0,3,15.7
Summit Street School,Essex Westford Educational Community Unified Union SD #51,Essex Junction,336.0,37.0,8.0,45.0,1,13.4
Essex Elementary School,Essex Westford Educational Community Unified Union SD #51,Essex Junction,521.0,46.0,17.0,63.0,1,12.1
Founders Memorial School,Essex Westford Educational Community Unified Union SD #51,Essex Junction,346.0,41.0,13.0,54.0,1,15.6
Thomas Fleming School,Essex Westford Educational Community Unified Union SD #51,Essex Junction,206.0,35.0,14.0,49.0,1,23.8
Fair Haven Grade School,Slate Valley Unified Union School District #62,Fair Haven,264.0,77.0,28.0,105.0,1,39.8
Fair Haven Union Middle and High School,Slate Valley Unified Union School District #62,Fair Haven,536.0,94.0,45.0,139.0,3,25.9
Bellows Free Academy Middle/High School (Fairfax),Fairfax School District,Fairfax,415.0,54.0,11.0,65.0,3,15.7
Bellows Free Academy Elementary (Fairfax),Fairfax School District,Fairfax,624.0,57.0,33.0,90.0,1,14.4
Fairfield Center School,Maple Run Unified Union School District #57,Fairfield,252.0,36.0,9.0,45.0,1,17.9
Samuel Morey Elementary School,Rivendell Interstate School District,Fairlee,116.0,23.0,7.0,30.0,1,25.9
Fayston Elementary School,Harwood Unified Union School District #60,Fayston,99.0,9.0,1.0,10.0,1,10.1
Ferrisburgh Central School,Addison Northwest Unified Union School District #54,Ferrisburgh,244.0,30.0,8.0,38.0,1,15.6
Franklin Central School,Missisquoi Valley School District #89,Franklin,140.0,41.0,19.0,60.0,1,42.9
Lunenburg & Gilman Schools,Kingdom East Unified Union School District #64,Gilman,60.0,33.0,0.0,33.0,1,55.0
Glover Community School,Lake Region Union Elementary Middle School District,Glover,107.0,21.0,24.0,45.0,1,42.1
Grafton Elementary School,Windham Northeast Union Elementary School District #95,Grafton,46.0,16.0,5.0,21.0,1,45.7
Grand Isle School,Champlain Islands Unified Union School District #66,Grand Isle,140.0,32.0,0.0,32.0,1,22.9
Lakeview Union School,Orleans Southwest Union Elementary School District #94,Greensboro,41.0,10.0,0.0,10.0,1,24.4
Guilford Central School,Windham Southeast Unified Union School District #96,Guilford,141.0,30.0,2.0,32.0,1,22.7
Hardwick Elementary School,Orleans Southwest Union Elementary School District #94,Hardwick,241.0,78.0,4.0,82.0,1,34.0
Hazen Union High School,Hazen Union High School District #26,Hardwick,301.0,80.0,7.0,87.0,3,28.9
Hartland Elementary School,Hartland School District,Hartland,281.0,52.0,36.0,88.0,1,31.3
Highgate Elementary School,Missisquoi Valley School District #89,Highgate Center,273.0,61.0,26.0,87.0,1,31.9
Hinesburg Community School,Champlain Valley Unified Union School District #56,Hinesburg,506.0,97.0,17.0,114.0,1,22.5
Champlain Valley Union High School,Champlain Valley Unified Union School District #56,Hinesburg,1325.0,157.0,33.0,190.0,3,14.3
Brewster Pierce School,Mount Mansfield Unified Union School District #401,Huntington,116.0,7.0,8.0,15.0,1,12.9
Lamoille Union Middle School,Lamoille North Modified Union School District #058B,Hyde Park,262.0,82.0,9.0,91.0,2,34.7
Lamoille Union High School,Lamoille North Modified Union School District #058B,Hyde Park,478.0,111.0,24.0,135.0,3,28.2
Hyde Park Elementary School,Lamoille North Modified Union School District #058A,Hyde Park,199.0,50.0,21.0,71.0,1,35.7
Green Mountain Technology and Career Center,Lamoille North Modified Union School District #058B,Hyde Park,0.0,,,,3,
Irasburg Village School,Lake Region Union Elementary Middle School District,Irasburg,121.0,52.0,13.0,65.0,1,53.7
Brighton Elementary School,Brighton School District,Island Pond,135.0,72.0,12.0,84.0,1,62.2
Jamaica Village School,West River Valley Union Education District #72A,Jamaica,26.0,8.0,0.0,8.0,1,30.8
Jay/Westfield Joint Elementary School,Jay/Westfield Joint Elementary School District,Jay,80.0,23.0,11.0,34.0,1,42.5
Cambridge Elementary School,Cambridge School District,Jeffersonville,336.0,58.0,13.0,71.0,1,21.1
Jericho Elementary School,Mount Mansfield Unified Union School District #401,Jericho,406.0,8.0,3.0,11.0,1,2.7
Mt. Mansfield Union High School,Mount Mansfield Unified Union School District #401,Jericho,764.0,47.0,13.0,60.0,3,7.9
Browns River Middle School,Mount Mansfield Unified Union School District #401,Jericho,364.0,19.0,3.0,22.0,2,6.0
Johnson Elementary School,Lamoille North Modified Union School District #058A,Johnson,217.0,93.0,14.0,107.0,1,49.3
Killington Elementary School,Windsor Central Unified Union School District #76,Killington,111.0,14.0,0.0,14.0,1,12.6
Elmore School,Lamoille South Unified Union School District #90,Lake Elmore,17.0,4.0,1.0,5.0,1,29.4
Lincoln Community School,Mt. Abraham Unified School District #61,Lincoln,70.0,8.0,9.0,17.0,1,24.3
Flood Brook School,Taconic and Green Regional School District #63,Londonderry,308.0,57.0,25.0,82.0,1,26.6
Lowell Graded School,Lowell School District,Lowell,86.0,43.0,16.0,59.0,1,68.6
Ludlow Elementary School,Ludlow Mt. Holly Unified Union School District #83,Ludlow,87.0,37.0,1.0,38.0,1,43.7
Lyndon Town School,Kingdom East Unified Union School District #64,Lyndonville,501.0,224.0,1.0,225.0,1,44.9
Manchester Elementary/Middle School,Taconic and Green Regional School District #63,Manchester Center,392.0,129.0,33.0,162.0,1,41.3
Marlboro Elementary School,Marlboro School District,Marlboro,89.0,22.0,6.0,28.0,1,31.5
Patricia A. Hannaford Career Center,Patricia Hannaford Career Center,Middlebury,0.0,,,,3,
Middlebury Union Middle School,Addison Central Unified Union School District #55,Middlebury,369.0,63.0,20.0,83.0,2,22.5
Weybridge Elementary School,Addison Central Unified Union School District #55,Middlebury,43.0,1.0,4.0,5.0,1,11.6
Middlebury Union High School,Addison Central Unified Union School District #55,Middlebury,522.0,71.0,21.0,92.0,3,17.6
Middlebury ID #4 School,Addison Central Unified Union School District #55,Middlebury,496.0,106.0,18.0,124.0,1,25.0
Rumney Memorial School,Washington Central Unified Union School District #92,Middlesex,121.0,12.0,8.0,20.0,1,16.5
Middletown Springs Elementary School,Wells Spring Unified Union School District #69,Middletown Springs,73.0,23.0,4.0,27.0,1,37.0
Milton Elementary School,Milton School District,Milton,631.0,156.0,26.0,182.0,1,28.8
Milton Middle School,Milton School District,Milton,389.0,101.0,10.0,111.0,2,28.5
Milton Senior High School,Milton School District,Milton,439.0,67.0,19.0,86.0,3,19.6
Monkton Central School,Mt. Abraham Unified School District #61,Monkton,125.0,15.0,11.0,26.0,1,20.8
Montgomery Elementary School,Northern Mountain Valley Unified Union School District #85,Montgomery Center,151.0,37.0,19.0,56.0,1,37.1
Main Street Middle School,Montpelier Roxbury Unified Union School District #71,Montpelier,327.0,72.0,13.0,85.0,2,26.0
U-32 Middle & High School,Washington Central Unified Union School District #92,Montpelier,707.0,115.0,28.0,143.0,3,20.2
Montpelier High School,Montpelier Roxbury Unified Union School District #71,Montpelier,403.0,74.0,17.0,91.0,3,22.6
Union Elementary School,Montpelier Roxbury Unified Union School District #71,Montpelier,448.0,51.0,9.0,60.0,1,13.4
Moretown Elementary School,Harwood Unified Union School District #60,Moretown,165.0,42.0,4.0,46.0,1,27.9
Harwood Union Middle/High School,Harwood Unified Union School District #60,Moretown,556.0,84.0,18.0,102.0,3,18.3
Peoples Academy,Lamoille South Unified Union School District #90,Morrisville,265.0,46.0,7.0,53.0,3,20.0
Peoples Academy Middle School,Lamoille South Unified Union School District #90,Morrisville,224.0,55.0,5.0,60.0,2,26.8
Morristown Elementary School,Lamoille South Unified Union School District #90,Morrisville,306.0,96.0,14.0,110.0,1,35.9
Mt. Holly School,Ludlow Mt. Holly Unified Union School District #83,Mount Holly,105.0,27.0,4.0,31.0,1,29.5
Beeman Elementary School,Mt. Abraham Unified School District #61,New Haven,78.0,7.0,6.0,13.0,1,16.7
Newark School,Kingdom East Unified Union School District #64,Newark,69.0,16.0,1.0,17.0,1,24.6
Newbury Elementary School,Oxbow Unified Union School District #91,Newbury,96.0,30.0,6.0,36.0,1,37.5
Newbrook Elementary School,West River Valley Union Education District #72A,Newfane,101.0,21.0,5.0,26.0,1,25.7
Newport City Elementary School,Newport City School District,Newport,313.0,192.0,29.0,221.0,1,70.6
North Country Union High School,North Country Union High School District,Newport,681.0,307.0,56.0,363.0,3,53.3
North Country Career Center,North Country Union High School District,Newport,0.0,,,,3,
Newport Town School,Newport Town School District,Newport Center,128.0,65.0,10.0,75.0,1,58.6
Mill River Union High School,Mill River Unified Union School District #52,North Clarendon,370.0,92.0,17.0,109.0,3,29.5
Clarendon Elementary School,Mill River Unified Union School District #52,North Clarendon,162.0,49.0,18.0,67.0,1,41.4
North Hero School,Champlain Islands Unified Union School District #66,North Hero,50.0,21.0,6.0,27.0,1,54.0
Troy School,Troy School District,North Troy,187.0,118.0,23.0,141.0,1,75.4
Northfield Middle/High School,Paine Mountain Union School District #68,Northfield,236.0,51.0,0.0,51.0,3,21.6
Northfield Elementary School,Paine Mountain Union School District #68,Northfield,289.0,59.0,0.0,59.0,1,20.4
Marion W. Cross School,Norwich School District,Norwich,351.0,23.0,0.0,23.0,1,6.6
Rivendell Academy,Rivendell Interstate School District,Orford,234.0,49.0,22.0,71.0,3,30.3
Lake Region Union High School,Lake Region Union High School District #24,Orleans,386.0,119.0,46.0,165.0,3,42.7
Orleans Elementary School,Lake Region Union Elementary Middle School District,Orleans,131.0,69.0,13.0,82.0,1,62.6
Orwell Village School,Slate Valley Unified Union School District #62,Orwell,140.0,31.0,11.0,42.0,1,30.0
Peacham Elementary School,Peacham School District,Peacham,66.0,10.0,1.0,11.0,1,16.7
Lothrop School,Otter Valley Unified Union School District #53,Pittsford,180.0,64.0,0.0,64.0,1,35.6
Calais Elementary School,Washington Central Unified Union School District #92,Plainfield,95.0,15.0,2.0,17.0,1,17.9
Twinfield Union School,Twinfield Union School District #33,Plainfield,319.0,86.0,34.0,120.0,4,37.6
Poultney Elementary School,Quarry Valley Unified Union School District #70,Poultney,266.0,59.0,24.0,83.0,1,31.2
Poultney High School,Quarry Valley Unified Union School District #70,Poultney,234.0,73.0,17.0,90.0,3,38.5
Pownal Elementary School,Southwest Vermont Union Elementary School District #87,Pownal,271.0,140.0,20.0,160.0,1,59.0
Proctor Junior/Senior High School,Quarry Valley Unified Union School District #70,Proctor,123.0,24.0,11.0,35.0,3,28.5
Proctor Elementary School,Quarry Valley Unified Union School District #70,Proctor,157.0,55.0,15.0,70.0,1,44.6
Cavendish Town Elementary School,Green Mountain Unified School District #77,Proctorsville,84.0,25.0,7.0,32.0,1,38.1
Putney Central School,Windham Southeast Unified Union School District #96,Putney,182.0,58.0,14.0,72.0,1,39.6
Ottauquechee School,Hartford School District,Quechee,203.0,31.0,7.0,38.0,1,18.7
Randolph Elementary School,Orange Southwest Unified Union School District #59,Randolph,335.0,69.0,15.0,84.0,1,25.1
Randolph Union High School,Orange Southwest Unified Union School District #59,Randolph,366.0,80.0,33.0,113.0,3,30.9
Randolph Technical Career Center,Orange Southwest Unified Union School District #59,Randolph,0.0,,,,3,
Reading Elementary School,Windsor Central Unified Union School District #76,Reading,34.0,4.0,0.0,4.0,1,11.8
Readsboro Elementary School,Readsboro School District,Readsboro,39.0,12.0,1.0,13.0,1,33.3
Berkshire Elementary School,Northern Mountain Valley Unified Union School District #85,Richford,187.0,80.0,21.0,101.0,1,54.0
Richford Elementary School,Enosburgh-Richford Unified Union School District #88,Richford,196.0,103.0,11.0,114.0,1,58.2
Richford Junior/Senior High School,Enosburgh-Richford Unified Union School District #88,Richford,256.0,141.0,21.0,162.0,3,63.3
Richmond Elementary School,Mount Mansfield Unified Union School District #401,Richmond,370.0,31.0,5.0,36.0,1,9.7
Camels Hump Middle School,Mount Mansfield Unified Union School District #401,Richmond,307.0,25.0,5.0,30.0,2,9.8
Ripton Elementary School,Addison Central Unified Union School District #55,Ripton,46.0,8.0,3.0,11.0,1,23.9
Rochester School,Rochester Stockbridge Unified School District #81,Rochester,84.0,28.0,10.0,38.0,1,45.2
Roxbury Village School,Montpelier Roxbury Unified Union School District #71,Roxbury,51.0,14.0,3.0,17.0,1,33.3
Northwest Primary School,Rutland City School District,Rutland,208.0,113.0,14.0,127.0,1,61.1
Rutland Senior High School,Rutland City School District,Rutland,752.0,232.0,19.0,251.0,3,33.4
Rutland Intermediate School,Rutland City School District,Rutland,493.0,256.0,8.0,264.0,1,53.5
Stafford Technical Center,Rutland City School District,Rutland,0.0,,,,3,
Northeast Primary School,Rutland City School District,Rutland,252.0,92.0,0.0,92.0,1,36.5
Rutland Middle School,Rutland City School District,Rutland,254.0,119.0,5.0,124.0,2,48.8
Rutland Town Elementary School,Rutland Town School District,Rutland Town,360.0,37.0,4.0,41.0,1,11.4
Bellows Free Academy (St. Albans),Maple Run Unified Union School District #57,Saint Albans,904.0,162.0,23.0,185.0,3,20.5
St. Albans Town Educational Center,Maple Run Unified Union School District #57,Saint Albans,777.0,145.0,12.0,157.0,1,20.2
St. Albans City Elementary School,Maple Run Unified Union School District #57,Saint Albans,718.0,334.0,72.0,406.0,1,56.5
Northwest Technical Center,Maple Run Unified Union School District #57,Saint Albans,0.0,,,,3,
Georgia Elementary & Middle School,Georgia School District,Saint Albans,630.0,74.0,48.0,122.0,1,19.4
St. Johnsbury School,Saint Johnsbury School District,Saint Johnsbury,702.0,316.0,52.0,368.0,1,52.4
Salisbury Community School,Addison Central Unified Union School District #55,Salisbury,65.0,23.0,8.0,31.0,1,47.7
Saxton River Elementary School,Rockingham School District,Saxtons River,76.0,32.0,4.0,36.0,1,47.4
Shaftsbury Elementary School,Southwest Vermont Union Elementary School District #87,Shaftsbury,245.0,72.0,18.0,90.0,1,36.7
Sharon Elementary School,Sharon School District,Sharon,170.0,51.0,13.0,64.0,1,37.6
Millers Run School,Kingdom East Unified Union School District #64,Sheffield,136.0,61.0,0.0,61.0,1,44.9
Shelburne Community School,Champlain Valley Unified Union School District #56,Shelburne,736.0,86.0,15.0,101.0,1,13.7
Sheldon Elementary School,Northern Mountain Valley Unified Union School District #85,Sheldon,335.0,85.0,44.0,129.0,1,38.5
Shoreham Elementary School,Addison Central Unified Union School District #55,Shoreham,76.0,12.0,6.0,18.0,1,23.7
Chamberlin School,South Burlington School District,South Burlington,457.0,74.0,11.0,85.0,1,18.6
Orchard School,South Burlington School District,South Burlington,452.0,69.0,6.0,75.0,1,16.6
Rick Marcotte Central School,South Burlington School District,South Burlington,436.0,76.0,4.0,80.0,1,18.3
South Burlington High School,South Burlington School District,South Burlington,843.0,104.0,10.0,114.0,3,13.5
Frederick H. Tuttle Middle School,South Burlington School District,South Burlington,512.0,81.0,9.0,90.0,2,17.6
Folsum Education & Community Center,South Hero School District,South Hero,141.0,16.0,2.0,18.0,1,12.8
Prosper Valley School,Windsor Central Unified Union School District #76,South Pomfret,91.0,12.0,0.0,12.0,2,13.2
White River Valley High School,White River Unified School District #79,South Royalton,192.0,60.0,22.0,82.0,3,42.7
South Royalton Elementary School,White River Unified School District #79,South Royalton,164.0,59.0,13.0,72.0,1,43.9
Newton School,Strafford School District,South Strafford,126.0,25.0,4.0,29.0,1,23.0
Elm Hill School,Springfield School District,Springfield,390.0,181.0,3.0,184.0,1,47.2
Riverside Middle School,Springfield School District,Springfield,254.0,133.0,12.0,145.0,2,57.1
Union Street School,Springfield School District,Springfield,250.0,125.0,11.0,136.0,1,54.4
River Valley Technical Center,River Valley Technical Center,Springfield,0.0,,,,3,
Springfield High School,Springfield School District,Springfield,325.0,137.0,14.0,151.0,3,46.5
Robinson School,Mt. Abraham Unified School District #61,Starksboro,106.0,31.0,0.0,31.0,1,29.2
Stockbridge Central School,Rochester Stockbridge Unified School District #81,Stockbridge,45.0,16.0,0.0,16.0,1,35.6
Stowe Elementary School,Lamoille South Unified Union School District #90,Stowe,379.0,25.0,8.0,33.0,1,8.7
Stowe Middle School,Lamoille South Unified Union School District #90,Stowe,190.0,11.0,3.0,14.0,2,7.4
Stowe High School,Lamoille South Unified Union School District #90,Stowe,221.0,13.0,1.0,14.0,3,6.3
Stamford Elementary School,Stamford School District,Stramford,74.0,17.0,3.0,20.0,1,27.0
Sutton Village School,Kingdom East Unified Union School District #64,Sutton,113.0,47.0,1.0,48.0,1,42.5
Missisquoi Valley Union High School,Missisquoi Valley School District #89,Swanton,736.0,183.0,88.0,271.0,3,36.8
Swanton School,Missisquoi Valley School District #89,Swanton,664.0,179.0,83.0,262.0,1,39.5
Thetford Elementary School,Thetford School District,Thetford,208.0,27.0,1.0,28.0,1,13.5
Tinmouth Elementary School,Mill River Unified Union School District #52,Tinmouth,70.0,27.0,11.0,38.0,1,54.3
Townshend Village School,West River Valley Union Education District #72A,Townshend,90.0,16.0,7.0,23.0,1,25.6
Leland & Gray Union Middle & High School,West River Valley Union Education District #72B,Townshend,257.0,35.0,7.0,42.0,3,16.3
First Branch Elementary School,First Branch Unified School District #82,Tunbridge,149.0,36.0,5.0,41.0,1,27.5
Underhill Central School,Mount Mansfield Unified Union School District #401,Underhill Center,200.0,14.0,2.0,16.0,1,8.0
Vergennes Union Elementary School,Addison Northwest Unified Union School District #54,Vergennes,297.0,73.0,22.0,95.0,1,32.0
Vergennes Union High School,Addison Northwest Unified Union School District #54,Vergennes,398.0,88.0,30.0,118.0,3,29.6
Vernon Elementary School,Vernon School District,Vernon,185.0,55.0,4.0,59.0,1,31.9
Waitsfield Elementary School,Harwood Unified Union School District #60,Waitsfield,168.0,44.0,6.0,50.0,1,29.8
Walden School,Caledonia Cooperative Unified School District #78,Walden,74.0,25.0,3.0,28.0,1,37.8
Wallingford Village School,Mill River Unified Union School District #52,Wallingford,122.0,64.0,17.0,81.0,1,66.4
Wardsboro Central School,River Valleys Unified School District #73,Wardsboro,49.0,8.0,6.0,14.0,1,28.6
Warren Elementary School,Harwood Unified Union School District #60,Warren,142.0,22.0,5.0,27.0,1,19.0
Washington Village School,Echo Valley Community Union School District #67,Washington,118.0,44.0,0.0,44.0,1,37.3
Brookside Primary School,Harwood Unified Union School District #60,Waterbury,400.0,92.0,8.0,100.0,1,25.0
Waterford Elementary School,Caledonia Cooperative Unified School District #78,Waterford,154.0,20.0,8.0,28.0,1,18.2
Waterville Elementary School,Lamoille North Modified Union School District #058A,Waterville,81.0,29.0,2.0,31.0,1,38.3
Wells Village School,Wells Spring Unified Union School District #69,Wells,84.0,27.0,5.0,32.0,1,38.1
Blue Mountain Union School,Blue Mountain Union School District #21,Wells River,411.0,162.0,21.0,183.0,4,44.5
Burke Town School,Kingdom East Unified Union School District #64,West Burke,189.0,47.0,0.0,47.0,1,24.9
Charleston Elementary School,Charleston School District,West Charleston,117.0,47.0,19.0,66.0,1,56.4
Westshire Elementary School,Rivendell Interstate School District,West Fairlee,77.0,23.0,11.0,34.0,1,44.2
Halifax West School,Halifax School District,West Halifax,62.0,14.0,17.0,31.0,1,50.0
Mettawee Community School,Mettawee School District #84,West Pawlet,138.0,49.0,11.0,60.0,1,43.5
West Rutland School,Quarry Valley Unified Union School District #70,West Rutland,326.0,85.0,16.0,101.0,4,31.0
Westford Elementary School,Essex Westford Educational Community Unified Union SD #51,Westford,201.0,18.0,9.0,27.0,1,13.4
White River School,Hartford School District,White River Junction,198.0,70.0,15.0,85.0,1,42.9
Hartford Area Career & Technology Center,Hartford School District,White River Junction,0.0,,,,3,
Hartford Memorial Middle School,Hartford School District,White River Junction,294.0,86.0,18.0,104.0,2,35.4
Hartford High School,Hartford School District,White River Junction,518.0,103.0,13.0,116.0,3,22.4
Dothan Brook School,Hartford School District,White River Junction,246.0,54.0,15.0,69.0,1,28.0
Otter Creek Academy at Leicester Sudbury and Whiting,Otter Valley Unified Union School District #53,Whiting,96.0,41.0,0.0,41.0,1,42.7
Twin Valley Middle High School,Twin Valley Unified School District #75,Whitingham,193.0,52.0,22.0,74.0,3,38.3
Williamstown Elementary School,Paine Mountain Union School District #68,Williamstown,251.0,103.0,0.0,103.0,1,41.0
Williamstown Middle/High School,Paine Mountain Union School District #68,Williamstown,271.0,107.0,0.0,107.0,3,39.5
Williston Schools,Champlain Valley Unified Union School District #56,Williston,942.0,109.0,35.0,144.0,1,15.3
Twin Valley Elementary School,Twin Valley Unified School District #75,Wilmington,181.0,63.0,15.0,78.0,1,43.1
Windham Elementary School,Windham School District,Windham,22.0,3.0,0.0,3.0,1,13.6
Windsor School,Mount Ascutney School District #86,Windsor,580.0,163.0,30.0,193.0,4,33.3
Winooski Middle School,Winooski Incorporated School District,Winooski,139.0,85.0,1.0,86.0,2,61.9
J. F. Kennedy Elementary School,Winooski Incorporated School District,Winooski,433.0,233.0,7.0,240.0,1,55.4
Winooski High School,Winooski Incorporated School District,Winooski,215.0,147.0,0.0,147.0,3,68.4
Wolcott Elementary School,Wolcott School District,Wolcott,121.0,24.0,1.0,25.0,1,20.7
Woodbury Elementary School,Orleans Southwest Union Elementary School District #94,Woodbury,55.0,10.0,0.0,10.0,1,18.2
Woodstock Elementary School,Windsor Central Unified Union School District #76,Woodstock,269.0,24.0,2.0,26.0,1,9.7
Woodstock Union Middle/High School,Windsor Central Unified Union School District #76,Woodstock,449.0,36.0,6.0,42.0,3,9.4
Doty Memorial School,Washington Central Unified Union School District #92,Worcester,75.0,19.0,0.0,19.0,1,25.3
